uProt_res_num	uProt_res_name	uProt_atom	uProt_plddt	partner_res_num	partner_res_name	partner_atom	partner_plddt	min_distance_A	interaction_type	pae_A
7	SER	CB	39.1	54	GLU	O	91.4	2.4	Van der Waals	20.94
7	SER	OG	39.1	55	LEU	CA	97.4	2.53	Van der Waals	20.81
27	LEU	N	38.5	293	PHE	O	95.1	2.55	Hydrogen Bond	13.95
7	SER	OG	39.1	56	GLU	N	89.4	2.69	Hydrogen Bond	20.08
8	PRO	O	34.7	56	GLU	OE2	89.4	2.72	Hydrogen Bond	21.53
29	MET	SD	32.5	78	TYR	CG	82.2	2.73	Van der Waals	17.61
25	HIS	O	41.8	292	SER	CB	94.3	2.74	Van der Waals	8.55
22	SER	O	84.5	291	CYS	N	95.3	2.75	Hydrogen Bond	3.23
9	ARG	CD	34.7	167	GLU	OE2	88.3	2.81	Van der Waals	21.29
21	VAL	N	86.8	242	ASP	OD2	94.2	2.87	Hydrogen Bond	3.67
29	MET	N	32.5	295	ILE	O	92.6	2.88	Hydrogen Bond	16.38
27	LEU	O	38.5	295	ILE	N	92.6	2.89	Hydrogen Bond	14.32
9	ARG	NE	34.7	54	GLU	OE1	91.4	2.96	Salt Bridge	21.49
19	SER	O	55.8	168	LYS	CE	94.3	3.06	Van der Waals	7.89
29	MET	CE	32.5	294	GLN	C	91.5	3.09	Van der Waals	16.32
24	PHE	O	50.0	291	CYS	O	95.3	3.11	Hydrogen Bond	6.43
22	SER	N	84.5	289	LEU	O	92.6	3.11	Hydrogen Bond	3.47
6	SER	OG	39.4	53	LEU	CD2	98.3	3.12	Van der Waals	22.18
20	ARG	CA	60.1	242	ASP	OD2	94.2	3.15	Van der Waals	6.33
6	SER	OG	39.4	119	PHE	CE1	98.3	3.17	Van der Waals	22.27
29	MET	O	32.5	297	LYS	CB	79.8	3.18	Van der Waals	17.12
26	PHE	CA	37.7	293	PHE	O	95.1	3.18	Van der Waals	11.14
27	LEU	O	38.5	294	GLN	CA	91.5	3.19	Van der Waals	14.64
6	SER	CB	39.4	55	LEU	CD2	97.4	3.27	Van der Waals	21.4
24	PHE	O	50.0	292	SER	CB	94.3	3.29	Van der Waals	7.47
21	VAL	CA	86.8	289	LEU	O	92.6	3.4	Van der Waals	3.49
22	SER	OG	84.5	290	MET	CA	88.2	3.44	Van der Waals	2.99
23	PHE	CE2	79.4	257	PHE	CE1	95.1	3.46	Hydrophobic Packing	4.73
4	THR	CG2	35.2	116	GLU	OE2	91.2	3.49	Van der Waals	23.79
6	SER	C	39.4	54	GLU	O	91.4	3.5	Van der Waals	21.9
23	PHE	CA	79.4	291	CYS	O	95.3	3.51	Van der Waals	4.03
21	VAL	CG2	86.8	169	ILE	CG1	97.1	3.53	Hydrophobic Packing	3.55
3	PHE	CE2	32.6	50	PRO	CG	98.3	3.54	Hydrophobic Packing	23.26
25	HIS	O	41.8	293	PHE	N	95.1	3.59	Van der Waals	9.98
23	PHE	CZ	79.4	243	LEU	CD2	96.5	3.64	Hydrophobic Packing	4.55
20	ARG	O	60.1	288	THR	O	91.0	3.68	Van der Waals	7.3
19	SER	CB	55.8	289	LEU	CD1	92.6	3.73	Van der Waals	7.99
23	PHE	CE1	79.4	261	ARG	O	83.8	3.78	Van der Waals	3.79
20	ARG	O	60.1	289	LEU	CB	92.6	3.79	Van der Waals	5.98
28	ARG	CZ	33.1	295	ILE	CG2	92.6	3.83	Van der Waals	15.78
21	VAL	CG1	86.8	291	CYS	SG	95.3	3.84	Van der Waals	3.55
24	PHE	CB	50.0	290	MET	SD	88.2	3.87	Hydrophobic Packing	6.61
19	SER	OG	55.8	166	ASP	O	94.0	3.97	Van der Waals	9.76
19	SER	O	55.8	242	ASP	OD2	94.2	3.97	Van der Waals	8.72
29	MET	CE	32.5	296	LEU	N	89.4	4.03	Peripheral Contact	18.5
6	SER	OG	39.4	49	GLN	CD	97.7	4.05	Peripheral Contact	23.76
4	THR	O	35.2	49	GLN	CG	97.7	4.08	Peripheral Contact	23.44
21	VAL	CG1	86.8	243	LEU	CD2	96.5	4.09	Hydrophobic Packing	3.94
23	PHE	CE2	79.4	283	MET	SD	97.0	4.1	Hydrophobic Packing	3.74
23	PHE	CE2	79.4	293	PHE	CZ	95.1	4.11	Hydrophobic Packing	4.41
26	PHE	CD2	37.7	295	ILE	CG1	92.6	4.16	Hydrophobic Packing	12.24
21	VAL	CG2	86.8	168	LYS	CB	94.3	4.18	Peripheral Contact	3.34
6	SER	O	39.4	116	GLU	O	91.2	4.18	Peripheral Contact	23.78
25	HIS	O	41.8	291	CYS	O	95.3	4.2	Peripheral Contact	8.69
28	ARG	NH2	33.1	279	ALA	CB	96.8	4.23	Peripheral Contact	17.19
6	SER	OG	39.4	50	PRO	CD	98.3	4.29	Peripheral Contact	23.53
25	HIS	CD2	41.8	290	MET	SD	88.2	4.31	Peripheral Contact	8.55
4	THR	O	35.2	48	SER	O	98.3	4.35	Peripheral Contact	24.4
12	ARG	NH1	31.4	167	GLU	OE1	88.3	4.45	Peripheral Contact	19.4
26	PHE	CA	37.7	292	SER	CB	94.3	4.47	Peripheral Contact	9.64
28	ARG	NH2	33.1	253	ASP	OD1	94.1	4.48	Peripheral Contact	16.33
3	PHE	CD2	32.6	48	SER	O	98.3	4.49	Peripheral Contact	24.01
