rank	orf_id	gene	orf_biotype	length_aa	final_tier	is_peptidein	median_avi_phred	max_avi_phred	peak_variant	primary_mechanism	convergent_modalities_count	atlas_url
1	c6norep33	TBC1D7	intORF	30	2B	False	25.361	70.0	chr6:13325094:C>A	Severe Splicing Disruption	1.0	https://deepmind.google.com/science/alphagenome/atlas?q=chr6:13325094-13326798&m=locus&lItems=avi,section:RNA_SEQ,section:DNASE
2	c15norep103	CIB2	uoORF	48	4	False	21.861	70.0	chr15:78109382:C>A	Severe Splicing Disruption	1.0	https://deepmind.google.com/science/alphagenome/atlas?q=chr15:78109333-78131261&m=locus&lItems=avi,section:RNA_SEQ,section:DNASE
3	c12norep129	KRR1	intORF	43	1B	False	23.687	69.237	chr12:75508327:C>A	Severe Splicing Disruption	2.0	https://deepmind.google.com/science/alphagenome/atlas?q=chr12:75508315-75508446&m=locus&lItems=avi,section:RNA_SEQ,section:DNASE
4	c12riboseqorf97	THAP2	uoORF	69	1B	False	24.963	69.237	chr12:71664580:G>C	Severe Splicing Disruption	4.0	https://deepmind.google.com/science/alphagenome/atlas?q=chr12:71664493-71674324&m=locus&lItems=avi,section:RNA_SEQ,section:DNASE
5	c17norep126	MBTD1	intORF	74	1B	False	27.798	69.237	chr17:51225044:G>A	Severe Splicing Disruption	4.0	https://deepmind.google.com/science/alphagenome/atlas?q=chr17:51218996-51225049&m=locus&lItems=avi,section:RNA_SEQ,section:DNASE
6	c11norep184	UBE4A	intORF	39	2B	False	23.842	67.476	chr11:118368750:C>T	Severe Splicing Disruption	4.0	https://deepmind.google.com/science/alphagenome/atlas?q=chr11:118368652-118368771&m=locus&lItems=avi,section:RNA_SEQ,section:DNASE
7	c1riboseqorf110	SGIP1	uoORF	27	2B	False	26.32	67.476	chr1:66534368:G>T	Severe Splicing Disruption	3.0	https://deepmind.google.com/science/alphagenome/atlas?q=chr1:66534343-66625904&m=locus&lItems=avi,section:RNA_SEQ,section:DNASE
8	c15norep8	SCG5	intORF	17	1B	False	23.363	67.476	chr15:32684669:G>A	Severe Splicing Disruption	2.0	https://deepmind.google.com/science/alphagenome/atlas?q=chr15:32684644-32691737&m=locus&lItems=avi,section:RNA_SEQ,section:DNASE
9	c16norep11	MAPK8IP3	intORF	78	4	False	21.953	65.257	chr16:1747236:G>T	Severe Splicing Disruption	2.0	https://deepmind.google.com/science/alphagenome/atlas?q=chr16:1747039-1747275&m=locus&lItems=avi,section:RNA_SEQ,section:DNASE
10	cXnorep17	ZFX	intORF	45	4	False	21.365	64.466	chrX:24172800:G>T	Severe Splicing Disruption	2.0	https://deepmind.google.com/science/alphagenome/atlas?q=chrX:24172753-24179272&m=locus&lItems=avi,section:RNA_SEQ,section:DNASE
11	c2norep6	ITGB1BP1	intORF	21	2B	False	23.723	64.466	chr2:9408175:C>A	Severe Splicing Disruption	1.0	https://deepmind.google.com/science/alphagenome/atlas?q=chr2:9408136-9408201&m=locus&lItems=avi,section:RNA_SEQ,section:DNASE
12	c11norep28	SBF2	intORF	55	4	False	23.872	63.216	chr11:10028452:C>A	Severe Splicing Disruption	1.0	https://deepmind.google.com/science/alphagenome/atlas?q=chr11:10002576-10028505&m=locus&lItems=avi,section:RNA_SEQ,section:DNASE
13	c11norep29	SBF2	intORF	19	4	False	22.573	63.216	chr11:10028452:C>A	Severe Splicing Disruption	1.0	https://deepmind.google.com/science/alphagenome/atlas?q=chr11:10016974-10028505&m=locus&lItems=avi,section:RNA_SEQ,section:DNASE
14	c3riboseqorf124	SEC22A	intORF	39	4	False	23.352	62.705	chr3:123209344:A>T	Severe Splicing Disruption	3.0	https://deepmind.google.com/science/alphagenome/atlas?q=chr3:123209258-123209377&m=locus&lItems=avi,section:RNA_SEQ,section:DNASE
15	c7riboseqorf70	DMTF1	intORF	27	4	False	22.354	61.108	chr7:87170998:C>A	Severe Splicing Disruption	3.0	https://deepmind.google.com/science/alphagenome/atlas?q=chr7:87166552-87171024&m=locus&lItems=avi,section:RNA_SEQ,section:DNASE
16	c1norep171	PSMA5	intORF	22	2B	False	27.018	60.786	chr1:109421860:C>A	Severe Splicing Disruption	3.0	https://deepmind.google.com/science/alphagenome/atlas?q=chr1:109415315-109421879&m=locus&lItems=avi,section:RNA_SEQ,section:DNASE
17	c12norep105	nan	mixed	198	1A	False	20.832	60.786	chr12:57765366:C>A	Severe Splicing Disruption	5.0	https://deepmind.google.com/science/alphagenome/atlas?q=chr12:57764519-57765487&m=locus&lItems=avi,section:RNA_SEQ,section:DNASE
18	c7norep56	CHN2	intORF	86	2B	False	23.901	60.486	chr7:29367985:G>T	Severe Splicing Disruption	3.0	https://deepmind.google.com/science/alphagenome/atlas?q=chr7:29354625-29400562&m=locus&lItems=avi,section:RNA_SEQ,section:DNASE
19	c2norep290	CAPN10	intORF	52	4	False	24.221	60.206	chr2:240590968:G>T	Severe Splicing Disruption	1.0	https://deepmind.google.com/science/alphagenome/atlas?q=chr2:240590915-240591994&m=locus&lItems=avi,section:RNA_SEQ,section:DNASE
20	c9norep149	nan	mixed	39	4	False	22.427	59.943	chr9:131506453:G>T	Severe Splicing Disruption	1.0	https://deepmind.google.com/science/alphagenome/atlas?q=chr9:131506421-131507454&m=locus&lItems=avi,section:RNA_SEQ,section:DNASE
