rank	orf_id	gene	length_aa	final_tier	is_peptidein	median_avi_phred	max_avi_phred	peak_variant	primary_mechanism	convergent_modalities_count	atlas_url
1	c3riboseqorf183	BCL6	19	4	False	20.792	46.162	chr3:187745410:C>G	Severe Splicing Disruption	4.0	https://deepmind.google.com/science/alphagenome/atlas?q=chr3:187734882-187745443&m=locus&lItems=avi,section:RNA_SEQ,section:DNASE
2	c8riboseqorf89	DCAF13	61	2B	False	19.298	41.833	chr8:103414903:G>T	TF Binding Motif Disruption	1.0	https://deepmind.google.com/science/alphagenome/atlas?q=chr8:103414754-103414939&m=locus&lItems=avi,section:RNA_SEQ,section:DNASE
3	c10riboseqorf118	SHTN1	21	4	False	19.923	37.974	chr10:117005186:C>T	Severe Splicing Disruption	5.0	https://deepmind.google.com/science/alphagenome/atlas?q=chr10:117005181-117005246&m=locus&lItems=avi,section:RNA_SEQ,section:DNASE
4	c17norep67	EVI2A	35	2B	False	18.11	36.431	chr17:31321672:A>C	Severe Splicing Disruption	5.0	https://deepmind.google.com/science/alphagenome/atlas?q=chr17:31321566-31321673&m=locus&lItems=avi,section:RNA_SEQ,section:DNASE
5	c1riboseqorf209	DCAF8	42	1B	False	18.303	36.267	chr1:160262354:C>A	Severe Splicing Disruption	3.0	https://deepmind.google.com/science/alphagenome/atlas?q=chr1:160262315-160262443&m=locus&lItems=avi,section:RNA_SEQ,section:DNASE
6	cXriboseqorf74	DNASE1L1	26	4	False	18.784	35.883	chrX:154411928:G>A	Severe Splicing Disruption	1.0	https://deepmind.google.com/science/alphagenome/atlas?q=chrX:154411914-154411994&m=locus&lItems=avi,section:RNA_SEQ,section:DNASE
7	c22riboseqorf6	DGCR8	16	4	False	20.045	35.056	chr22:20085750:C>G	Severe Splicing Disruption	3.0	https://deepmind.google.com/science/alphagenome/atlas?q=chr22:20085714-20085764&m=locus&lItems=avi,section:RNA_SEQ,section:DNASE
8	c20riboseqorf31	ITCH	16	2B	False	20.763	34.293	chr20:34369443:G>T	Severe Splicing Disruption	4.0	https://deepmind.google.com/science/alphagenome/atlas?q=chr20:34369399-34369449&m=locus&lItems=avi,section:RNA_SEQ,section:DNASE
9	c3norep215	TBL1XR1	18	2B	False	20.757	34.193	chr3:177098466:C>A	Severe Splicing Disruption	3.0	https://deepmind.google.com/science/alphagenome/atlas?q=chr3:177064980-177098479&m=locus&lItems=avi,section:RNA_SEQ,section:DNASE
10	c14riboseqorf81	NUMB	32	1B	False	18.13	34.18	chr14:73366897:C>A	Severe Splicing Disruption	3.0	https://deepmind.google.com/science/alphagenome/atlas?q=chr14:73355753-73366981&m=locus&lItems=avi,section:RNA_SEQ,section:DNASE
11	c13norep17	HMGB1	45	2B	False	20.118	34.115	chr13:30465842:G>A	Severe Splicing Disruption	1.0	https://deepmind.google.com/science/alphagenome/atlas?q=chr13:30465798-30465935&m=locus&lItems=avi,section:RNA_SEQ,section:DNASE
12	c14norep107	DICER1	18	4	False	18.342	33.522	chr14:95140659:C>G	Severe Splicing Disruption	4.0	https://deepmind.google.com/science/alphagenome/atlas?q=chr14:95133501-95140712&m=locus&lItems=avi,section:RNA_SEQ,section:DNASE
13	c6riboseqorf59	ZNF76	31	4	False	20.161	33.503	chr6:35259841:G>C	Severe Splicing Disruption	1.0	https://deepmind.google.com/science/alphagenome/atlas?q=chr6:35259754-35281063&m=locus&lItems=avi,section:RNA_SEQ,section:DNASE
14	c2riboseqorf55	WBP1	36	1B	True	19.608	33.26	chr2:74458516:G>T	Severe Splicing Disruption	1.0	https://deepmind.google.com/science/alphagenome/atlas?q=chr2:74458484-74458594&m=locus&lItems=avi,section:RNA_SEQ,section:DNASE
15	c1riboseqorf248	IVNS1ABP	24	1B	True	18.227	33.223	chr1:185316953:C>G	Severe Splicing Disruption	1.0	https://deepmind.google.com/science/alphagenome/atlas?q=chr1:185311281-185316985&m=locus&lItems=avi,section:RNA_SEQ,section:DNASE
16	c11riboseqorf46	PHF21A	55	4	False	19.005	33.036	chr11:46120937:T>A	Severe Splicing Disruption	4.0	https://deepmind.google.com/science/alphagenome/atlas?q=chr11:46084272-46121030&m=locus&lItems=avi,section:RNA_SEQ,section:DNASE
17	c9norep104	BRINP1	19	4	False	18.933	32.782	chr9:119369217:G>C	Severe Splicing Disruption	1.0	https://deepmind.google.com/science/alphagenome/atlas?q=chr9:119369195-119369254&m=locus&lItems=avi,section:RNA_SEQ,section:DNASE
18	c1riboseqorf76	MTF1	31	2B	False	18.928	32.782	chr1:37859531:C>G	Severe Splicing Disruption	2.0	https://deepmind.google.com/science/alphagenome/atlas?q=chr1:37857672-37859588&m=locus&lItems=avi,section:RNA_SEQ,section:DNASE
19	c3riboseqorf179	FAM131A	31	4	False	18.251	32.754	chr3:184336123:G>T	Severe Splicing Disruption	1.0	https://deepmind.google.com/science/alphagenome/atlas?q=chr3:184336087-184337369&m=locus&lItems=avi,section:RNA_SEQ,section:DNASE
20	c11norep176	CRYAB	18	4	False	22.313	32.668	chr11:111911891:G>C	Severe Splicing Disruption	5.0	https://deepmind.google.com/science/alphagenome/atlas?q=chr11:111911849-111911905&m=locus&lItems=avi,section:RNA_SEQ,section:DNASE
