rank	cohort	orf_id	gene	orf_biotype	length_aa	final_tier	is_peptidein	peptide_support	median_avi_phred	max_avi_phred	pct_phred_ge_20	peak_variant	primary_mechanism	convergent_modalities_count	atlas_url
1	1. Autonomous Tier 1 Peptidein	c3riboseqorf106	ZBTB11-AS1	lncRNA-ORF	88	1B	True	peptidein_hla	23.558	45.773	70.54	chr3:101676728:C>A	Chromatin Opening	2.0	https://deepmind.google.com/science/alphagenome/atlas?q=chr3:101676645-101676911&m=locus&lItems=avi,section:RNA_SEQ,section:DNASE
2	1. Autonomous Tier 1 Peptidein	c2riboseqorf55	WBP1	uORF	36	1B	True	peptidein_hla	19.608	33.26	44.44	chr2:74458516:G>T	Severe Splicing Disruption	1.0	https://deepmind.google.com/science/alphagenome/atlas?q=chr2:74458484-74458594&m=locus&lItems=avi,section:RNA_SEQ,section:DNASE
3	1. Autonomous Tier 1 Peptidein	c1riboseqorf248	IVNS1ABP	uORF	24	1B	True	peptidein_hla	18.227	33.223	28.89	chr1:185316953:C>G	Severe Splicing Disruption	1.0	https://deepmind.google.com/science/alphagenome/atlas?q=chr1:185311281-185316985&m=locus&lItems=avi,section:RNA_SEQ,section:DNASE
4	1. Autonomous Tier 1 Peptidein	c7riboseqorf18	SNX13	uORF	52	1B	True	peptidein_hla	17.324	31.587	21.8	chr7:17940333:G>A	Severe Splicing Disruption	1.0	https://deepmind.google.com/science/alphagenome/atlas?q=chr7:17940325-17940483&m=locus&lItems=avi,section:RNA_SEQ,section:DNASE
5	1. Autonomous Tier 1 Peptidein	c6riboseqorf128	BCLAF1	uORF	19	1B	True	peptidein_hla	17.214	22.473	16.67	chr6:136289799:C>A	Splicing Disruption	1.0	https://deepmind.google.com/science/alphagenome/atlas?q=chr6:136289742-136289801&m=locus&lItems=avi,section:RNA_SEQ,section:DNASE
6	1. Autonomous Tier 1 Peptidein	cXriboseqorf59	MORF4L2	uORF	32	1B	True	peptidein_hla	16.983	34.029	23.91	chrX:103686631:C>A	Severe Splicing Disruption	3.0	https://deepmind.google.com/science/alphagenome/atlas?q=chrX:103685228-103686696&m=locus&lItems=avi,section:RNA_SEQ,section:DNASE
7	1. Autonomous Tier 1 Peptidein	c8riboseqorf15	CNOT7	uORF	39	1A	True	peptidein_nonhla	16.776	30.383	19.72	chr8:17246687:G>C	Severe Splicing Disruption	1.0	https://deepmind.google.com/science/alphagenome/atlas?q=chr8:17245236-17246782&m=locus&lItems=avi,section:RNA_SEQ,section:DNASE
8	1. Autonomous Tier 1 Peptidein	c1norep182	IGSF3	uORF	35	1B	True	peptidein_hla	16.647	22.526	13.58	chr1:116666677:C>A	Chromatin Opening	1.0	https://deepmind.google.com/science/alphagenome/atlas?q=chr1:116666632-116666739&m=locus&lItems=avi,section:RNA_SEQ,section:DNASE
9	1. Autonomous Tier 1 Peptidein	c6norep97	PSMB8-AS1	lncRNA-ORF	63	1B	True	peptidein_hla	16.043	45.892	36.28	chr6:32845662:C>A	Splicing Disruption	1.0	https://deepmind.google.com/science/alphagenome/atlas?q=chr6:32845552-32845743&m=locus&lItems=avi,section:RNA_SEQ,section:DNASE
10	1. Autonomous Tier 1 Peptidein	c17riboseqorf78	IGFBP4	uORF	17	1B	True	peptidein_hla	15.444	24.153	11.73	chr17:40443555:C>G	Severe Splicing Disruption	1.0	https://deepmind.google.com/science/alphagenome/atlas?q=chr17:40443505-40443558&m=locus&lItems=avi,section:RNA_SEQ,section:DNASE
11	1. Autonomous Tier 1 Peptidein	c4riboseqorf2	CTBP1	uORF	32	1B	True	peptidein_hla	15.18	31.951	11.78	chr4:1241388:T>C	Severe Splicing Disruption	1.0	https://deepmind.google.com/science/alphagenome/atlas?q=chr4:1241335-1241433&m=locus&lItems=avi,section:RNA_SEQ,section:DNASE
12	1. Autonomous Tier 1 Peptidein	c21riboseqorf14	RUNX1	uORF	20	1B	True	peptidein_hla	14.934	23.839	4.23	chr21:34887820:G>C	Severe Splicing Disruption	1.0	https://deepmind.google.com/science/alphagenome/atlas?q=chr21:34887800-34887862&m=locus&lItems=avi,section:RNA_SEQ,section:DNASE
13	1. Autonomous Tier 1 Peptidein	c19riboseqorf66	URI1	uORF	53	1B	True	peptidein_hla	14.793	24.852	6.38	chr19:29942370:A>T	Severe Splicing Disruption	1.0	https://deepmind.google.com/science/alphagenome/atlas?q=chr19:29942370-29942531&m=locus&lItems=avi,section:RNA_SEQ,section:DNASE
14	1. Autonomous Tier 1 Peptidein	c3riboseqorf154	MBNL1	uORF	16	1B	True	peptidein_hla	14.721	22.441	11.11	chr3:152269066:G>C	Splicing Disruption	1.0	https://deepmind.google.com/science/alphagenome/atlas?q=chr3:152269026-152269076&m=locus&lItems=avi,section:RNA_SEQ,section:DNASE
15	1. Autonomous Tier 1 Peptidein	c16riboseqorf104	PSKH1	uORF	33	1B	True	peptidein_hla	13.619	30.505	6.54	chr16:67893371:G>C	Severe Splicing Disruption	2.0	https://deepmind.google.com/science/alphagenome/atlas?q=chr16:67893276-67908685&m=locus&lItems=avi,section:RNA_SEQ,section:DNASE
16	2. Autonomous lncRNA-ORF	c12riboseqorf13	ENSG00000272173	lncRNA-ORF	57	2B	False	hla_tier2b	15.668	59.694	44.44	chr12:6944514:G>T	Severe Splicing Disruption	1.0	https://deepmind.google.com/science/alphagenome/atlas?q=chr12:6944390-6944563&m=locus&lItems=avi,section:RNA_SEQ,section:DNASE
17	2. Autonomous lncRNA-ORF	c1riboseqorf199	ENSG00000229953	lncRNA-ORF	43	1B	False	hla_tier1b	19.357	47.982	47.73	chr1:156647121:G>T	Severe Splicing Disruption	1.0	https://deepmind.google.com/science/alphagenome/atlas?q=chr1:156647059-156661350&m=locus&lItems=avi,section:RNA_SEQ,section:DNASE
18	2. Autonomous lncRNA-ORF	c1norep185	WARS2-AS1	lncRNA-ORF	26	4	False	none	16.748	46.484	23.46	chr1:119140623:T>A	Severe Splicing Disruption	2.0	https://deepmind.google.com/science/alphagenome/atlas?q=chr1:119140598-119140678&m=locus&lItems=avi,section:RNA_SEQ,section:DNASE
19	2. Autonomous lncRNA-ORF	c16norep119	ZFHX3-AS1	lncRNA-ORF	154	4	False	none	20.203	46.237	51.76	chr16:72788546:C>A	Chromatin Opening	3.0	https://deepmind.google.com/science/alphagenome/atlas?q=chr16:72788372-72788836&m=locus&lItems=avi,section:RNA_SEQ,section:DNASE
20	2. Autonomous lncRNA-ORF	c1riboseqorf33	EMC1-AS1	lncRNA-ORF	61	3	False	nonhla_only	18.003	45.686	40.86	chr1:19240340:A>T	Severe Splicing Disruption	1.0	https://deepmind.google.com/science/alphagenome/atlas?q=chr1:19240260-19240445&m=locus&lItems=avi,section:RNA_SEQ,section:DNASE
21	2. Autonomous lncRNA-ORF	c11norep50	NAV2-AS2	lncRNA-ORF	103	4	False	none	19.245	45.545	47.33	chr11:20044000:C>G	Chromatin Opening	2.0	https://deepmind.google.com/science/alphagenome/atlas?q=chr11:20043884-20044195&m=locus&lItems=avi,section:RNA_SEQ,section:DNASE
22	2. Autonomous lncRNA-ORF	c20norep33	ENSG00000275457	lncRNA-ORF	29	4	False	none	17.238	45.223	47.04	chr20:21303402:G>T	Severe Splicing Disruption	1.0	https://deepmind.google.com/science/alphagenome/atlas?q=chr20:21303362-21303451&m=locus&lItems=avi,section:RNA_SEQ,section:DNASE
23	2. Autonomous lncRNA-ORF	c17norep109	MAP3K14-AS1	lncRNA-ORF	50	4	False	none	19.133	44.915	47.49	chr17:45267160:C>A	Severe Splicing Disruption	1.0	https://deepmind.google.com/science/alphagenome/atlas?q=chr17:45255181-45267227&m=locus&lItems=avi,section:RNA_SEQ,section:DNASE
24	2. Autonomous lncRNA-ORF	c2norep270	ENSG00000224090	lncRNA-ORF	83	4	False	none	15.917	44.444	37.83	chr2:219014007:C>A	Severe Splicing Disruption	1.0	https://deepmind.google.com/science/alphagenome/atlas?q=chr2:219010000-219014110&m=locus&lItems=avi,section:RNA_SEQ,section:DNASE
25	2. Autonomous lncRNA-ORF	c2riboseqorf136	TTN-AS1	lncRNA-ORF	127	4	False	none	22.05	44.226	58.51	chr2:178539103:C>T	Chromatin Opening	1.0	https://deepmind.google.com/science/alphagenome/atlas?q=chr2:178538902-178539285&m=locus&lItems=avi,section:RNA_SEQ,section:DNASE
26	2. Autonomous lncRNA-ORF	c11riboseqorf31	NAV2-AS2	lncRNA-ORF	31	4	False	none	22.083	43.271	65.62	chr11:20049059:G>T	Severe Splicing Disruption	1.0	https://deepmind.google.com/science/alphagenome/atlas?q=chr11:20049028-20049123&m=locus&lItems=avi,section:RNA_SEQ,section:DNASE
27	2. Autonomous lncRNA-ORF	c19norep130	TMEM147-AS1	lncRNA-ORF	26	4	False	none	21.295	41.825	52.67	chr19:35542971:T>A	Severe Splicing Disruption	1.0	https://deepmind.google.com/science/alphagenome/atlas?q=chr19:35542912-35542992&m=locus&lItems=avi,section:RNA_SEQ,section:DNASE
28	2. Autonomous lncRNA-ORF	c16norep37	ENSG00000260592	lncRNA-ORF	61	4	False	none	17.675	41.778	43.01	chr16:19487269:T>A	Severe Splicing Disruption	1.0	https://deepmind.google.com/science/alphagenome/atlas?q=chr16:19487189-19487877&m=locus&lItems=avi,section:RNA_SEQ,section:DNASE
29	2. Autonomous lncRNA-ORF	c6norep46	NUP153-AS1	lncRNA-ORF	96	2B	False	hla_tier2b	16.995	41.61	35.85	chr6:17706369:C>A	Subtle / Regulatory Shift	0.0	https://deepmind.google.com/science/alphagenome/atlas?q=chr6:17706280-17706570&m=locus&lItems=avi,section:RNA_SEQ,section:DNASE
30	2. Autonomous lncRNA-ORF	c2norep211	TTN-AS1	lncRNA-ORF	87	4	False	none	22.823	41.452	64.27	chr2:178531421:G>C	Chromatin Closing / Repression	1.0	https://deepmind.google.com/science/alphagenome/atlas?q=chr2:178531419-178537610&m=locus&lItems=avi,section:RNA_SEQ,section:DNASE
31	3. Autonomous Regulatory uORF	c3riboseqorf183	BCL6	uORF	19	4	False	none	20.792	46.162	60.0	chr3:187745410:C>G	Severe Splicing Disruption	4.0	https://deepmind.google.com/science/alphagenome/atlas?q=chr3:187734882-187745443&m=locus&lItems=avi,section:RNA_SEQ,section:DNASE
32	3. Autonomous Regulatory uORF	c8riboseqorf89	DCAF13	uORF	61	2B	False	hla_tier2b	19.298	41.833	48.39	chr8:103414903:G>T	TF Binding Motif Disruption	1.0	https://deepmind.google.com/science/alphagenome/atlas?q=chr8:103414754-103414939&m=locus&lItems=avi,section:RNA_SEQ,section:DNASE
33	3. Autonomous Regulatory uORF	c10riboseqorf118	SHTN1	uORF	21	4	False	none	19.923	37.974	48.99	chr10:117005186:C>T	Severe Splicing Disruption	5.0	https://deepmind.google.com/science/alphagenome/atlas?q=chr10:117005181-117005246&m=locus&lItems=avi,section:RNA_SEQ,section:DNASE
34	3. Autonomous Regulatory uORF	c17norep67	EVI2A	uORF	35	2B	False	hla_tier2b	18.11	36.431	37.04	chr17:31321672:A>C	Severe Splicing Disruption	5.0	https://deepmind.google.com/science/alphagenome/atlas?q=chr17:31321566-31321673&m=locus&lItems=avi,section:RNA_SEQ,section:DNASE
35	3. Autonomous Regulatory uORF	c1riboseqorf209	DCAF8	uORF	42	1B	False	hla_tier1b	18.303	36.267	32.82	chr1:160262354:C>A	Severe Splicing Disruption	3.0	https://deepmind.google.com/science/alphagenome/atlas?q=chr1:160262315-160262443&m=locus&lItems=avi,section:RNA_SEQ,section:DNASE
36	3. Autonomous Regulatory uORF	cXriboseqorf74	DNASE1L1	uORF	26	4	False	none	18.784	35.883	48.15	chrX:154411928:G>A	Severe Splicing Disruption	1.0	https://deepmind.google.com/science/alphagenome/atlas?q=chrX:154411914-154411994&m=locus&lItems=avi,section:RNA_SEQ,section:DNASE
37	3. Autonomous Regulatory uORF	c14norep27	CIDEB	uORF	28	2B	False	hla_tier2b	18.103	35.533	39.46	chr14:24311302:G>A	Subtle / Regulatory Shift	0.0	https://deepmind.google.com/science/alphagenome/atlas?q=chr14:24311264-24311350&m=locus&lItems=avi,section:RNA_SEQ,section:DNASE
38	3. Autonomous Regulatory uORF	c22riboseqorf6	DGCR8	uORF	16	4	False	none	20.045	35.056	50.33	chr22:20085750:C>G	Severe Splicing Disruption	3.0	https://deepmind.google.com/science/alphagenome/atlas?q=chr22:20085714-20085764&m=locus&lItems=avi,section:RNA_SEQ,section:DNASE
39	3. Autonomous Regulatory uORF	c20riboseqorf31	ITCH	uORF	16	2B	False	hla_tier2b	20.763	34.293	58.17	chr20:34369443:G>T	Severe Splicing Disruption	4.0	https://deepmind.google.com/science/alphagenome/atlas?q=chr20:34369399-34369449&m=locus&lItems=avi,section:RNA_SEQ,section:DNASE
40	3. Autonomous Regulatory uORF	c3norep215	TBL1XR1	uORF	18	2B	False	hla_tier2b	20.757	34.193	67.84	chr3:177098466:C>A	Severe Splicing Disruption	3.0	https://deepmind.google.com/science/alphagenome/atlas?q=chr3:177064980-177098479&m=locus&lItems=avi,section:RNA_SEQ,section:DNASE
41	3. Autonomous Regulatory uORF	c14riboseqorf81	NUMB	uORF	32	1B	False	hla_tier1b	18.13	34.18	32.32	chr14:73366897:C>A	Severe Splicing Disruption	3.0	https://deepmind.google.com/science/alphagenome/atlas?q=chr14:73355753-73366981&m=locus&lItems=avi,section:RNA_SEQ,section:DNASE
42	3. Autonomous Regulatory uORF	c13norep17	HMGB1	uORF	45	2B	False	hla_tier2b	20.118	34.115	53.86	chr13:30465842:G>A	Severe Splicing Disruption	1.0	https://deepmind.google.com/science/alphagenome/atlas?q=chr13:30465798-30465935&m=locus&lItems=avi,section:RNA_SEQ,section:DNASE
43	4. Dual-Coding Tier 1 Peptidein	c1norep256	PRRC2C	intORF	34	1B	True	peptidein_hla	27.986	42.015	77.78	chr1:171513009:G>T	Severe Splicing Disruption	2.0	https://deepmind.google.com/science/alphagenome/atlas?q=chr1:171513007-171513111&m=locus&lItems=avi,section:RNA_SEQ,section:DNASE
44	4. Dual-Coding Tier 1 Peptidein	c1riboseqorf39	HNRNPR	intORF	45	1B	True	peptidein_hla	27.497	47.169	79.71	chr1:23337831:T>A	Severe Splicing Disruption	1.0	https://deepmind.google.com/science/alphagenome/atlas?q=chr1:23337831-23338596&m=locus&lItems=avi,section:RNA_SEQ,section:DNASE
45	4. Dual-Coding Tier 1 Peptidein	c11norep30	EIF4G2	intORF	74	1B	True	peptidein_hla	25.739	45.206	84.3	chr11:10803915:T>C	Severe Splicing Disruption	1.0	https://deepmind.google.com/science/alphagenome/atlas?q=chr11:10803521-10804139&m=locus&lItems=avi,section:RNA_SEQ,section:DNASE
46	4. Dual-Coding Tier 1 Peptidein	c11riboseqorf112	EMSY	uoORF	91	1B	True	peptidein_hla	25.085	59.694	72.34	chr11:76447008:G>T	Severe Splicing Disruption	1.0	https://deepmind.google.com/science/alphagenome/atlas?q=chr11:76445106-76453357&m=locus&lItems=avi,section:RNA_SEQ,section:DNASE
47	4. Dual-Coding Tier 1 Peptidein	c20norep82	ADNP	intORF	65	1B	True	peptidein_hla	23.648	42.26	76.77	chr20:50894419:C>A	Severe Splicing Disruption	1.0	https://deepmind.google.com/science/alphagenome/atlas?q=chr20:50894233-50894430&m=locus&lItems=avi,section:RNA_SEQ,section:DNASE
48	4. Dual-Coding Tier 1 Peptidein	c3norep241	P3H2	intORF	63	1B	True	peptidein_hla	22.311	48.427	62.85	chr3:190120252:C>G	Severe Splicing Disruption	5.0	https://deepmind.google.com/science/alphagenome/atlas?q=chr3:189995313-190120313&m=locus&lItems=avi,section:RNA_SEQ,section:DNASE
49	4. Dual-Coding Tier 1 Peptidein	c16riboseqorf58	SRCAP	uoORF	62	1B	True	peptidein_hla	22.262	52.902	78.31	chr16:30700876:C>T	Severe Splicing Disruption	2.0	https://deepmind.google.com/science/alphagenome/atlas?q=chr16:30700709-30704082&m=locus&lItems=avi,section:RNA_SEQ,section:DNASE
50	4. Dual-Coding Tier 1 Peptidein	c10norep31	CDC123	intORF	29	1B	True	peptidein_hla	22.169	42.064	65.56	chr10:12198733:A>T	Severe Splicing Disruption	1.0	https://deepmind.google.com/science/alphagenome/atlas?q=chr10:12196259-12198733&m=locus&lItems=avi,section:RNA_SEQ,section:DNASE
