rank	orf_id	gene	orf_biotype	length_aa	final_tier	median_avi_phred	max_avi_phred	peak_variant	primary_mechanism	convergent_modalities_count	atlas_url
1	c3riboseqorf106	ZBTB11-AS1	lncRNA-ORF	88	1B	23.558	45.773	chr3:101676728:C>A	Chromatin Opening	2.0	https://deepmind.google.com/science/alphagenome/atlas?q=chr3:101676645-101676911&m=locus&lItems=avi,section:RNA_SEQ,section:DNASE
2	c2riboseqorf55	WBP1	uORF	36	1B	19.608	33.26	chr2:74458516:G>T	Severe Splicing Disruption	1.0	https://deepmind.google.com/science/alphagenome/atlas?q=chr2:74458484-74458594&m=locus&lItems=avi,section:RNA_SEQ,section:DNASE
3	c1riboseqorf248	IVNS1ABP	uORF	24	1B	18.227	33.223	chr1:185316953:C>G	Severe Splicing Disruption	1.0	https://deepmind.google.com/science/alphagenome/atlas?q=chr1:185311281-185316985&m=locus&lItems=avi,section:RNA_SEQ,section:DNASE
4	c7riboseqorf18	SNX13	uORF	52	1B	17.324	31.587	chr7:17940333:G>A	Severe Splicing Disruption	1.0	https://deepmind.google.com/science/alphagenome/atlas?q=chr7:17940325-17940483&m=locus&lItems=avi,section:RNA_SEQ,section:DNASE
5	c6riboseqorf128	BCLAF1	uORF	19	1B	17.214	22.473	chr6:136289799:C>A	Splicing Disruption	1.0	https://deepmind.google.com/science/alphagenome/atlas?q=chr6:136289742-136289801&m=locus&lItems=avi,section:RNA_SEQ,section:DNASE
6	cXriboseqorf59	MORF4L2	uORF	32	1B	16.983	34.029	chrX:103686631:C>A	Severe Splicing Disruption	3.0	https://deepmind.google.com/science/alphagenome/atlas?q=chrX:103685228-103686696&m=locus&lItems=avi,section:RNA_SEQ,section:DNASE
7	c8riboseqorf15	CNOT7	uORF	39	1A	16.776	30.383	chr8:17246687:G>C	Severe Splicing Disruption	1.0	https://deepmind.google.com/science/alphagenome/atlas?q=chr8:17245236-17246782&m=locus&lItems=avi,section:RNA_SEQ,section:DNASE
8	c1norep182	IGSF3	uORF	35	1B	16.647	22.526	chr1:116666677:C>A	Chromatin Opening	1.0	https://deepmind.google.com/science/alphagenome/atlas?q=chr1:116666632-116666739&m=locus&lItems=avi,section:RNA_SEQ,section:DNASE
9	c6norep97	PSMB8-AS1	lncRNA-ORF	63	1B	16.043	45.892	chr6:32845662:C>A	Splicing Disruption	1.0	https://deepmind.google.com/science/alphagenome/atlas?q=chr6:32845552-32845743&m=locus&lItems=avi,section:RNA_SEQ,section:DNASE
10	c17riboseqorf78	IGFBP4	uORF	17	1B	15.444	24.153	chr17:40443555:C>G	Severe Splicing Disruption	1.0	https://deepmind.google.com/science/alphagenome/atlas?q=chr17:40443505-40443558&m=locus&lItems=avi,section:RNA_SEQ,section:DNASE
11	c4riboseqorf2	CTBP1	uORF	32	1B	15.18	31.951	chr4:1241388:T>C	Severe Splicing Disruption	1.0	https://deepmind.google.com/science/alphagenome/atlas?q=chr4:1241335-1241433&m=locus&lItems=avi,section:RNA_SEQ,section:DNASE
12	c21riboseqorf14	RUNX1	uORF	20	1B	14.934	23.839	chr21:34887820:G>C	Severe Splicing Disruption	1.0	https://deepmind.google.com/science/alphagenome/atlas?q=chr21:34887800-34887862&m=locus&lItems=avi,section:RNA_SEQ,section:DNASE
13	c19riboseqorf66	URI1	uORF	53	1B	14.793	24.852	chr19:29942370:A>T	Severe Splicing Disruption	1.0	https://deepmind.google.com/science/alphagenome/atlas?q=chr19:29942370-29942531&m=locus&lItems=avi,section:RNA_SEQ,section:DNASE
14	c3riboseqorf154	MBNL1	uORF	16	1B	14.721	22.441	chr3:152269066:G>C	Splicing Disruption	1.0	https://deepmind.google.com/science/alphagenome/atlas?q=chr3:152269026-152269076&m=locus&lItems=avi,section:RNA_SEQ,section:DNASE
15	c16riboseqorf104	PSKH1	uORF	33	1B	13.619	30.505	chr16:67893371:G>C	Severe Splicing Disruption	2.0	https://deepmind.google.com/science/alphagenome/atlas?q=chr16:67893276-67908685&m=locus&lItems=avi,section:RNA_SEQ,section:DNASE
16	c12riboseqorf145	TAOK3	uORF	16	1B	11.945	32.458	chr12:118266655:C>A	Severe Splicing Disruption	2.0	https://deepmind.google.com/science/alphagenome/atlas?q=chr12:118255649-118266698&m=locus&lItems=avi,section:RNA_SEQ,section:DNASE
17	c5riboseqorf128	PRELID1	uORF	17	1B	11.687	23.154	chr5:177303866:C>G	Severe Splicing Disruption	1.0	https://deepmind.google.com/science/alphagenome/atlas?q=chr5:177303816-177303869&m=locus&lItems=avi,section:RNA_SEQ,section:DNASE
18	c1riboseqorf94	CDKN2C	uORF	180	1A	11.602	24.165	chr1:50968915:C>T	Severe Splicing Disruption	1.0	https://deepmind.google.com/science/alphagenome/atlas?q=chr1:50968788-50969330&m=locus&lItems=avi,section:RNA_SEQ,section:DNASE
19	c15riboseqorf1	NIPA2	uORF	37	1B	10.73	24.335	chr15:22838859:T>A	Severe Splicing Disruption	1.0	https://deepmind.google.com/science/alphagenome/atlas?q=chr15:22838748-22838861&m=locus&lItems=avi,section:RNA_SEQ,section:DNASE
20	c11riboseqorf108	LIPT2-AS1	lncRNA-ORF	349	1A	10.303	25.973	chr11:74497088:G>T	Severe Splicing Disruption	5.0	https://deepmind.google.com/science/alphagenome/atlas?q=chr11:74497035-74498084&m=locus&lItems=avi,section:RNA_SEQ,section:DNASE
